{"chunk_definitions":[{"row":41,"row_count":1,"visible":true,"expansion_state":0,"options":{"engine":"r","label":"install","message":false,"warning":false,"eval":true,"echo":true},"document_id":"B588CCF0","chunk_id":"c0vdjtaw27onj","chunk_label":"install"},{"row":53,"row_count":1,"visible":true,"expansion_state":0,"options":{"include":false,"engine":"r","label":"setup","message":false,"warning":false},"document_id":"B588CCF0","chunk_id":"csetup_chunk","chunk_label":"setup"},{"row":64,"row_count":1,"visible":true,"expansion_state":0,"options":{"engine":"r","label":"import dataset"},"document_id":"B588CCF0","chunk_id":"cm53hpe52eqk9","chunk_label":"import dataset"},{"row":87,"row_count":1,"visible":true,"expansion_state":0,"options":{"engine":"r","label":"tree_tree_binary network"},"document_id":"B588CCF0","chunk_id":"cqrytp2e187m5","chunk_label":"tree_tree_binary network"},{"row":93,"row_count":1,"visible":true,"expansion_state":0,"options":{"engine":"r","label":"tree_tree_binary network plot data"},"document_id":"B588CCF0","chunk_id":"ckklppz2h8kzg","chunk_label":"tree_tree_binary network plot data"},{"row":107,"row_count":1,"visible":true,"expansion_state":0,"options":{"engine":"r","label":"load precalcultated results","eval":true,"echo":false},"document_id":"B588CCF0","chunk_id":"cc3ycpfxnlfno","chunk_label":"load precalcultated results"},{"row":114,"row_count":1,"visible":true,"expansion_state":0,"options":{"engine":"r","label":"simpleSBM print","eval":false,"echo":true},"document_id":"B588CCF0","chunk_id":"cr2bmni0253oq","chunk_label":"simpleSBM print"},{"row":124,"row_count":1,"visible":true,"expansion_state":0,"options":{"engine":"r","label":"simpleSBMfit"},"document_id":"B588CCF0","chunk_id":"cz280yss1idmr","chunk_label":"simpleSBMfit"},{"row":132,"row_count":1,"visible":true,"expansion_state":0,"options":{"engine":"r","label":"impleSBMfit fields"},"document_id":"B588CCF0","chunk_id":"c9ijfdf9covny","chunk_label":"impleSBMfit fields"},{"row":137,"row_count":1,"visible":true,"expansion_state":0,"options":{"engine":"r","label":"simpleSBMfit plot1"},"document_id":"B588CCF0","chunk_id":"cgmi2xq9q3t1l","chunk_label":"simpleSBMfit plot1"},{"row":142,"row_count":1,"visible":true,"expansion_state":0,"options":{"engine":"r","label":"simpleSBMfit plot2"},"document_id":"B588CCF0","chunk_id":"cw8w8o5ej9qr1","chunk_label":"simpleSBMfit plot2"},{"row":150,"row_count":1,"visible":true,"expansion_state":0,"options":{"engine":"r","label":"plot BM network tree bin","echo":true,"eval":true},"document_id":"B588CCF0","chunk_id":"cnebiutadid80","chunk_label":"plot BM network tree bin"},{"row":160,"row_count":1,"visible":true,"expansion_state":0,"options":{"engine":"r","label":"simpleSBM storedModel"},"document_id":"B588CCF0","chunk_id":"c0h77sga8iauc","chunk_label":"simpleSBM storedModel"},{"row":168,"row_count":1,"visible":true,"expansion_state":0,"options":{"engine":"r","label":"simpleSBM ICL"},"document_id":"B588CCF0","chunk_id":"cs9ech3yxx7ak","chunk_label":"simpleSBM ICL"},{"row":176,"row_count":1,"visible":true,"expansion_state":0,"options":{"engine":"r","label":"simpleSBMfit changeModel"},"document_id":"B588CCF0","chunk_id":"cj2tqys1g1poc","chunk_label":"simpleSBMfit changeModel"},{"row":184,"row_count":1,"visible":true,"expansion_state":0,"options":{"engine":"r","label":"simpleSBMfit going back to true model"},"document_id":"B588CCF0","chunk_id":"cwx3qb3cunvca","chunk_label":"simpleSBMfit going back to true model"},{"row":196,"row_count":1,"visible":true,"expansion_state":0,"options":{"engine":"r","label":"tree_tree network plot data"},"document_id":"B588CCF0","chunk_id":"c416hsyko3lpe","chunk_label":"tree_tree network plot data"}],"doc_write_time":1605624370,"working_dir":null,"default_chunk_options":{}}