{"chunk_definitions":[{"row":53,"row_count":1,"visible":true,"expansion_state":0,"options":{"include":false,"engine":"r","label":"setup","message":false,"warning":false},"document_id":"582C5213","chunk_id":"csetup_chunk","chunk_label":"setup"},{"row":265,"row_count":1,"visible":true,"expansion_state":0,"options":{"engine":"r","label":"alluvial","echo":true,"eval":true},"document_id":"582C5213","chunk_id":"cl7zvqomrhygg","chunk_label":"alluvial"}],"doc_write_time":1601538029,"chunk_rendered_width":700}